# NitRobe | 3M Young Scientist Challenge 2027 | exp-1 | Which of the shortlisted species actually destroy nitrous oxide?
# Sheet: headspace.csv | blank, to be filled in by hand at the bench | every column is defined in the codebook
vial_id,hour,date_time,n2o_ppm,od600,operator,notes
V01,0,,,,,
V01,6,,,,,
V01,24,,,,,
V01,48,,,,,
V01,96,,,,,
V02,0,,,,,
V02,6,,,,,
V02,24,,,,,
V02,48,,,,,
V02,96,,,,,
V03,0,,,,,
V03,6,,,,,
V03,24,,,,,
V03,48,,,,,
V03,96,,,,,
V04,0,,,,,
V04,6,,,,,
V04,24,,,,,
V04,48,,,,,
V04,96,,,,,
V05,0,,,,,
V05,6,,,,,
V05,24,,,,,
V05,48,,,,,
V05,96,,,,,
V06,0,,,,,
V06,6,,,,,
V06,24,,,,,
V06,48,,,,,
V06,96,,,,,
V07,0,,,,,
V07,6,,,,,
V07,24,,,,,
V07,48,,,,,
V07,96,,,,,
V08,0,,,,,
V08,6,,,,,
V08,24,,,,,
V08,48,,,,,
V08,96,,,,,
V09,0,,,,,
V09,6,,,,,
V09,24,,,,,
V09,48,,,,,
V09,96,,,,,
V10,0,,,,,
V10,6,,,,,
V10,24,,,,,
V10,48,,,,,
V10,96,,,,,
V11,0,,,,,
V11,6,,,,,
V11,24,,,,,
V11,48,,,,,
V11,96,,,,,
V12,0,,,,,
V12,6,,,,,
V12,24,,,,,
V12,48,,,,,
V12,96,,,,,
V13,0,,,,,
V13,6,,,,,
V13,24,,,,,
V13,48,,,,,
V13,96,,,,,
V14,0,,,,,
V14,6,,,,,
V14,24,,,,,
V14,48,,,,,
V14,96,,,,,
V15,0,,,,,
V15,6,,,,,
V15,24,,,,,
V15,48,,,,,
V15,96,,,,,
V16,0,,,,,
V16,6,,,,,
V16,24,,,,,
V16,48,,,,,
V16,96,,,,,
V17,0,,,,,
V17,6,,,,,
V17,24,,,,,
V17,48,,,,,
V17,96,,,,,
V18,0,,,,,
V18,6,,,,,
V18,24,,,,,
V18,48,,,,,
V18,96,,,,,
V19,0,,,,,
V19,6,,,,,
V19,24,,,,,
V19,48,,,,,
V19,96,,,,,
V20,0,,,,,
V20,6,,,,,
V20,24,,,,,
V20,48,,,,,
V20,96,,,,,
V21,0,,,,,
V21,6,,,,,
V21,24,,,,,
V21,48,,,,,
V21,96,,,,,
V22,0,,,,,
V22,6,,,,,
V22,24,,,,,
V22,48,,,,,
V22,96,,,,,
V23,0,,,,,
V23,6,,,,,
V23,24,,,,,
V23,48,,,,,
V23,96,,,,,
V24,0,,,,,
V24,6,,,,,
V24,24,,,,,
V24,48,,,,,
V24,96,,,,,
V25,0,,,,,
V25,6,,,,,
V25,24,,,,,
V25,48,,,,,
V25,96,,,,,
V26,0,,,,,
V26,6,,,,,
V26,24,,,,,
V26,48,,,,,
V26,96,,,,,
V27,0,,,,,
V27,6,,,,,
V27,24,,,,,
V27,48,,,,,
V27,96,,,,,
V28,0,,,,,
V28,6,,,,,
V28,24,,,,,
V28,48,,,,,
V28,96,,,,,
V29,0,,,,,
V29,6,,,,,
V29,24,,,,,
V29,48,,,,,
V29,96,,,,,
V30,0,,,,,
V30,6,,,,,
V30,24,,,,,
V30,48,,,,,
V30,96,,,,,
V31,0,,,,,
V31,6,,,,,
V31,24,,,,,
V31,48,,,,,
V31,96,,,,,
V32,0,,,,,
V32,6,,,,,
V32,24,,,,,
V32,48,,,,,
V32,96,,,,,
V33,0,,,,,
V33,6,,,,,
V33,24,,,,,
V33,48,,,,,
V33,96,,,,,
V34,0,,,,,
V34,6,,,,,
V34,24,,,,,
V34,48,,,,,
V34,96,,,,,
V35,0,,,,,
V35,6,,,,,
V35,24,,,,,
V35,48,,,,,
V35,96,,,,,
V36,0,,,,,
V36,6,,,,,
V36,24,,,,,
V36,48,,,,,
V36,96,,,,,
V37,0,,,,,
V37,6,,,,,
V37,24,,,,,
V37,48,,,,,
V37,96,,,,,
V38,0,,,,,
V38,6,,,,,
V38,24,,,,,
V38,48,,,,,
V38,96,,,,,
V39,0,,,,,
V39,6,,,,,
V39,24,,,,,
V39,48,,,,,
V39,96,,,,,
V40,0,,,,,
V40,6,,,,,
V40,24,,,,,
V40,48,,,,,
V40,96,,,,,
V41,0,,,,,
V41,6,,,,,
V41,24,,,,,
V41,48,,,,,
V41,96,,,,,
V42,0,,,,,
V42,6,,,,,
V42,24,,,,,
V42,48,,,,,
V42,96,,,,,
V43,0,,,,,
V43,6,,,,,
V43,24,,,,,
V43,48,,,,,
V43,96,,,,,
V44,0,,,,,
V44,6,,,,,
V44,24,,,,,
V44,48,,,,,
V44,96,,,,,
V45,0,,,,,
V45,6,,,,,
V45,24,,,,,
V45,48,,,,,
V45,96,,,,,
