# NitRobe | 3M Young Scientist Challenge 2027 | exp-1 | Of the 13 species the screen shortlisted, which actually destroy nitrous oxide?
# Sheet: vials.csv | blank, to be filled in by hand at the bench | every column is defined in the codebook
vial_id,group,strain,replicate,rack_position,date_sealed
V01,1,USDA 110,1,26,
V02,1,USDA 110,2,28,
V03,1,USDA 110,3,19,
V04,2,CPAC 15,1,31,
V05,2,CPAC 15,2,40,
V06,2,CPAC 15,3,5,
V07,3,sterile medium,1,25,
V08,3,sterile medium,2,11,
V09,3,sterile medium,3,21,
V10,4,B. guangdongense,1,14,
V11,4,B. guangdongense,2,7,
V12,4,B. guangdongense,3,43,
V13,5,B. forestalis,1,18,
V14,5,B. forestalis,2,44,
V15,5,B. forestalis,3,39,
V16,6,B. nanningense,1,10,
V17,6,B. nanningense,2,29,
V18,6,B. nanningense,3,41,
V19,7,B. nitroreducens,1,30,
V20,7,B. nitroreducens,2,38,
V21,7,B. nitroreducens,3,37,
V22,8,B. frederickii,1,20,
V23,8,B. frederickii,2,36,
V24,8,B. frederickii,3,23,
V25,9,B. neotropicale,1,13,
V26,9,B. neotropicale,2,45,
V27,9,B. neotropicale,3,22,
V28,10,B. ottawaense,1,16,
V29,10,B. ottawaense,2,9,
V30,10,B. ottawaense,3,24,
V31,11,B. shewense,1,12,
V32,11,B. shewense,2,17,
V33,11,B. shewense,3,4,
V34,12,B. stylosanthis,1,42,
V35,12,B. stylosanthis,2,33,
V36,12,B. stylosanthis,3,3,
V37,13,B. oligotrophicum S58,1,34,
V38,13,B. oligotrophicum S58,2,27,
V39,13,B. oligotrophicum S58,3,1,
V40,14,B. lablabi,1,15,
V41,14,B. lablabi,2,32,
V42,14,B. lablabi,3,35,
V43,15,B. centrolobii,1,6,
V44,15,B. centrolobii,2,8,
V45,15,B. centrolobii,3,2,
